State,state_code,state_id,year,total_population,land_area,population_density,population_change
Alabama,AL,1,2022,5028092,50645,99.28111363411985,250766
Alaska,AK,2,2022,734821,570641,1.2877115384278381,23682
Arizona,AZ,4,2022,7172282,113594,63.13962005035477,761303
Arkansas,AR,5,2022,3018669,52035,58.012280196021905,102297
California,CA,6,2022,39356104,155779,252.64062550151175,2031036
Colorado,CO,8,2022,5770790,103642,55.68003319117732,727937
Connecticut,CT,9,2022,3611317,4842,745.8316811235027,39104
Delaware,DE,10,2022,993635,1949,509.8178553104156,93504
Florida,FL,12,2022,21634529,53625,403.44110023310026,2749377
Georgia,GA,13,2022,10722325,57513,186.433067306522,1007756
Hawaii,HI,15,2022,1450589,6423,225.84290829830297,87859
Idaho,ID,16,2022,1854109,82643,22.43516087266919,286306
Illinois,IL,17,2022,12757634,55519,229.788612907293,-66226
Indiana,IN,18,2022,6784403,35826,189.37093172556243,298873
Iowa,IA,19,2022,3188836,55857,57.08928155826486,141190
Kansas,KS,20,2022,2935922,81759,35.90946562457956,84739
Kentucky,KY,21,2022,4502935,39486,114.03877323608367,162768
Louisiana,LA,22,2022,4640546,43204,107.4101009165818,110941
Maine,ME,23,2022,1366949,30843,44.31958629186526,37865
Maryland,MD,24,2022,6161707,9707,634.7694447306068,376211
Massachusetts,MA,25,2022,6984205,7800,895.4108974358975,423610
Michigan,MI,26,2022,10057921,56539,177.89350713666673,160657
Minnesota,MN,27,2022,5695292,79627,71.52463360417948,382211
Mississippi,MS,28,2022,2958846,46923,63.05747714340515,-8774
Missouri,MO,29,2022,6154422,68742,89.52928340752378,172009
Montana,MT,30,2022,1091840,145546,7.501683316614678,101055
Nebraska,NE,31,2022,1958939,76824,25.499049776111633,131633
Nevada,NV,32,2022,3104817,109781,28.28191581421193,400613
New Hampshire,NH,33,2022,1379610,8953,154.09471685468557,62136
New Jersey,NJ,34,2022,9249063,7354,1257.691460429698,455175
New Mexico,NM,35,2022,2112463,121298,17.415480881795247,57176
New York,NY,36,2022,19994379,47126,424.2749013283538,596254
North Carolina,NC,37,2022,10470214,48618,215.3567403019458,925965
North Dakota,ND,38,2022,776874,69001,11.25888030608252,100621
Ohio,OH,39,2022,11774683,40861,288.1643376324613,241122
Oklahoma,OK,40,2022,3970497,68595,57.883183905532476,221492
Oregon,OR,41,2022,4229374,95988,44.06148685252323,392746
Pennsylvania,PA,42,2022,12989208,44743,290.3070424423932,289619
Rhode Island,RI,44,2022,1094250,1034,1058.2688588007736,41779
South Carolina,SC,45,2022,5142750,30061,171.07714314227738,512399
South Dakota,SD,46,2022,890342,75811,11.744232367334556,74471
Tennessee,TN,47,2022,6923772,41235,167.91007639141506,570546
Texas,TX,48,2022,29243342,261232,111.94395020518161,4034445
Utah,UT,49,2022,3283809,82170,39.9635998539613,517576
Vermont,VT,50,2022,643816,9217,69.8509276337203,18318
Virginia,VA,51,2022,8624511,39490,218.3973410990124,609556
Washington,WA,53,2022,7688549,66456,115.69382749488383,949835
West Virginia,WV,54,2022,1792967,24038,74.58885930609868,-57514
Wisconsin,WI,55,2022,5882128,54158,108.61050998929059,194909
Wyoming,WY,56,2022,577929,97093,5.952324060436901,15126
Alabama,AL,1,2021,4997675,50645,98.68052127554546,220349
Alaska,AK,2,2021,735951,570641,1.2896917676788033,24812
Arizona,AZ,4,2021,7079203,113594,62.320219377784035,668224
Arkansas,AR,5,2021,3006309,52035,57.77474776592678,89937
California,CA,6,2021,39455353,155779,253.27773961830542,2130285
Colorado,CO,8,2021,5723176,103642,55.22062484321028,680323
Connecticut,CT,9,2021,3605330,4842,744.5952085914911,33117
Delaware,DE,10,2021,981892,1949,503.7927142124166,81761
Florida,FL,12,2021,21339762,53625,397.9442797202797,2454610
Georgia,GA,13,2021,10625615,57513,184.7515344356928,911046
Hawaii,HI,15,2021,1453498,6423,226.29581192589131,90768
Idaho,ID,16,2021,1811617,82643,21.92099754365161,243814
Illinois,IL,17,2021,12821813,55519,230.94459554386788,-2047
Indiana,IN,18,2021,6751340,35826,188.44805448556914,265810
Iowa,IA,19,2021,3179090,55857,56.91480029360689,131444
Kansas,KS,20,2021,2932099,81759,35.86270624640712,80916
Kentucky,KY,21,2021,4494141,39486,113.81606138884668,153974
Louisiana,LA,22,2021,4657305,43204,107.79800481436904,127700
Maine,ME,23,2021,1357046,30843,43.99850857568978,27962
Maryland,MD,24,2021,6148545,9707,633.4135160193674,363049
Massachusetts,MA,25,2021,6991852,7800,896.391282051282,431257
Michigan,MI,26,2021,10062512,56539,177.97470772387203,165248
Minnesota,MN,27,2021,5670472,79627,71.21293028746531,357391
Mississippi,MS,28,2021,2967023,46923,63.23174136351043,-597
Missouri,MO,29,2021,6141534,68742,89.34179977306451,159121
Montana,MT,30,2021,1077978,145546,7.406441949624174,87193
Nebraska,NE,31,2021,1951480,76824,25.40195772154535,124174
Nevada,NV,32,2021,3059238,109781,27.86673468086463,355034
New Hampshire,NH,33,2021,1372175,8953,153.2642689601251,54701
New Jersey,NJ,34,2021,9234024,7354,1255.6464509110688,440136
New Mexico,NM,35,2021,2109366,121298,17.38994872133094,54079
New York,NY,36,2021,20114745,47126,426.8290328056699,716620
North Carolina,NC,37,2021,10367022,48618,213.23423423423424,822773
North Dakota,ND,38,2021,773344,69001,11.207721627222794,97091
Ohio,OH,39,2021,11769923,40861,288.04784513350137,236362
Oklahoma,OK,40,2021,3948136,68595,57.557198046504844,199131
Oregon,OR,41,2021,4207177,95988,43.83023919656624,370549
Pennsylvania,PA,42,2021,12970650,44743,289.8922736517444,271061
Rhode Island,RI,44,2021,1091949,1034,1056.0435203094778,39478
South Carolina,SC,45,2021,5078903,30061,168.95322843551446,448552
South Dakota,SD,46,2021,881785,75811,11.631359565234597,65914
Tennessee,TN,47,2021,6859497,41235,166.35132775554746,506271
Texas,TX,48,2021,28862581,261232,110.48639140687206,3653684
Utah,UT,49,2021,3231370,82170,39.325422903736154,465137
Vermont,VT,50,2021,641637,9217,69.6145166540089,16139
Virginia,VA,51,2021,8582479,39490,217.33297037224614,567524
Washington,WA,53,2021,7617364,66456,114.62266762970988,878650
West Virginia,WV,54,2021,1801049,24038,74.92507696147766,-49432
Wisconsin,WI,55,2021,5871661,54158,108.41724214335832,184442
Wyoming,WY,56,2021,576641,97093,5.939058428516989,13838
Alabama,AL,1,2020,4893186,50645,96.61735610622964,115860
Alaska,AK,2,2020,736990,570641,1.2915125271405314,25851
Arizona,AZ,4,2020,7174064,113594,63.155307498635494,763085
Arkansas,AR,5,2020,3011873,52035,57.88167579513789,95501
California,CA,6,2020,39346023,155779,252.5759120292209,2020955
Colorado,CO,8,2020,5684926,103642,54.85156596746493,642073
Connecticut,CT,9,2020,3570549,4842,737.412019826518,-1664
Delaware,DE,10,2020,967679,1949,496.5002565418163,67548
Florida,FL,12,2020,21216924,53625,395.6535944055944,2331772
Georgia,GA,13,2020,10516579,57513,182.855684801697,802010
Hawaii,HI,15,2020,1420074,6423,221.09201307800095,57344
Idaho,ID,16,2020,1754367,82643,21.228258896700265,186564
Illinois,IL,17,2020,12716164,55519,229.04166141320988,-107696
Indiana,IN,18,2020,6696893,35826,186.92829230168036,211363
Iowa,IA,19,2020,3150011,55857,56.39420305422776,102365
Kansas,KS,20,2020,2912619,81759,35.62444501522768,61436
Kentucky,KY,21,2020,4461952,39486,113.00086106468115,121785
Louisiana,LA,22,2020,4664616,43204,107.96722525692066,135011
Maine,ME,23,2020,1340825,30843,43.47258697273287,11741
Maryland,MD,24,2020,6037624,9707,621.9866076027608,252128
Massachusetts,MA,25,2020,6873003,7800,881.1542307692308,312408
Michigan,MI,26,2020,9973907,56539,176.40755938378817,76643
Minnesota,MN,27,2020,5600166,79627,70.32998857171562,287085
Mississippi,MS,28,2020,2981835,46923,63.54740745476632,14215
Missouri,MO,29,2020,6124160,68742,89.08905763579762,141747
Montana,MT,30,2020,1061705,145546,7.29463537300922,70920
Nebraska,NE,31,2020,1923826,76824,25.04199208580652,96520
Nevada,NV,32,2020,3030281,109781,27.60296408303805,326077
New Hampshire,NH,33,2020,1355244,8953,151.3731710041327,37770
New Jersey,NJ,34,2020,8885418,7354,1208.242861028012,91530
New Mexico,NM,35,2020,2097021,121298,17.288174578311267,41734
New York,NY,36,2020,19514849,47126,414.0994143360353,116724
North Carolina,NC,37,2020,10386227,48618,213.62925254021144,841978
North Dakota,ND,38,2020,760394,69001,11.020043187779887,84141
Ohio,OH,39,2020,11675275,40861,285.73150436846873,141714
Oklahoma,OK,40,2020,3949342,68595,57.57477950287922,200337
Oregon,OR,41,2020,4176346,95988,43.50904279701629,339718
Pennsylvania,PA,42,2020,12794885,44743,285.96394966810453,95296
Rhode Island,RI,44,2020,1057798,1034,1023.0154738878143,5327
South Carolina,SC,45,2020,5091517,30061,169.37284188816074,461166
South Dakota,SD,46,2020,879336,75811,11.599055546028941,63465
Tennessee,TN,47,2020,6772268,41235,164.23591609069965,419042
Texas,TX,48,2020,28635442,261232,109.61689992037729,3426545
Utah,UT,49,2020,3151239,82170,38.35023731288791,385006
Vermont,VT,50,2020,624340,9217,67.73787566453292,-1158
Virginia,VA,51,2020,8509358,39490,215.48133704735375,494403
Washington,WA,53,2020,7512465,66456,113.04419465511015,773751
West Virginia,WV,54,2020,1807426,24038,75.19036525501289,-43055
Wisconsin,WI,55,2020,5806975,54158,107.22284796336645,119756
Wyoming,WY,56,2020,581348,97093,5.987537721565921,18545
Alabama,AL,1,2019,4876250,50645,96.28294994570047,98924
Alaska,AK,2,2019,737068,570641,1.291649215531306,25929
Arizona,AZ,4,2019,7050299,113594,62.06576931880205,639320
Arkansas,AR,5,2019,2999370,52035,57.6413952147593,82998
California,CA,6,2019,39283497,155779,252.1745357204758,1958429
Colorado,CO,8,2019,5610349,103642,54.1320024700411,567496
Connecticut,CT,9,2019,3575074,4842,738.3465510119785,2861
Delaware,DE,10,2019,957248,1949,491.1482811698307,57117
Florida,FL,12,2019,20901636,53625,389.7740979020979,2016484
Georgia,GA,13,2019,10403847,57513,180.89557143602315,689278
Hawaii,HI,15,2019,1422094,6423,221.4065078623696,59364
Idaho,ID,16,2019,1717750,82643,20.785184468134023,149947
Illinois,IL,17,2019,12770631,55519,230.0227129451179,-53229
Indiana,IN,18,2019,6665703,35826,186.0576955283872,180173
Iowa,IA,19,2019,3139508,55857,56.20616932524124,91862
Kansas,KS,20,2019,2910652,81759,35.60038650179185,59469
Kentucky,KY,21,2019,4449052,39486,112.67416299447906,108885
Louisiana,LA,22,2019,4664362,43204,107.96134617165077,134757
Maine,ME,23,2019,1335492,30843,43.29967901955063,6408
Maryland,MD,24,2019,6018848,9707,620.0523333676728,233352
Massachusetts,MA,25,2019,6850553,7800,878.2760256410256,289958
Michigan,MI,26,2019,9965265,56539,176.25470913882452,68001
Minnesota,MN,27,2019,5563378,79627,69.86798447762693,250297
Mississippi,MS,28,2019,2984418,46923,63.60245508599194,16798
Missouri,MO,29,2019,6104910,68742,88.80902505018766,122497
Montana,MT,30,2019,1050649,145546,7.2186731342668295,59864
Nebraska,NE,31,2019,1914571,76824,24.92152192023326,87265
Nevada,NV,32,2019,2972382,109781,27.075559523050437,268178
New Hampshire,NH,33,2019,1348124,8953,150.57790684686697,30650
New Jersey,NJ,34,2019,8878503,7354,1207.3025564318739,84615
New Mexico,NM,35,2019,2092454,121298,17.250523504097348,37167
New York,NY,36,2019,19572319,47126,415.318911004541,174194
North Carolina,NC,37,2019,10264876,48618,211.13324283187296,720627
North Dakota,ND,38,2019,756717,69001,10.96675410501297,80464
Ohio,OH,39,2019,11655397,40861,285.2450258192408,121836
Oklahoma,OK,40,2019,3932870,68595,57.334645382316495,183865
Oregon,OR,41,2019,4129803,95988,43.024159269908736,293175
Pennsylvania,PA,42,2019,12791530,44743,285.88896587175645,91941
Rhode Island,RI,44,2019,1057231,1034,1022.4671179883945,4760
South Carolina,SC,45,2019,5020806,30061,167.02059146402314,390455
South Dakota,SD,46,2019,870638,75811,11.484322855522286,54767
Tennessee,TN,47,2019,6709356,41235,162.7102218988723,356130
Texas,TX,48,2019,28260856,261232,108.18297911435046,3051959
Utah,UT,49,2019,3096848,82170,37.688304734087865,330615
Vermont,VT,50,2019,624313,9217,67.73494629488988,-1185
Virginia,VA,51,2019,8454463,39490,214.09123828817422,439508
Washington,WA,53,2019,7404107,66456,111.41367220416517,665393
West Virginia,WV,54,2019,1817305,24038,75.60133954571928,-33176
Wisconsin,WI,55,2019,5790716,54158,106.92263377525019,103497
Wyoming,WY,56,2019,581024,97093,5.9842007147786145,18221
Alabama,AL,1,2018,4864680,50645,96.05449698884391,87354
Alaska,AK,2,2018,738516,570641,1.2941867128369675,27377
Arizona,AZ,4,2018,6946685,113594,61.153626071799565,535706
Arkansas,AR,5,2018,2990671,52035,57.474219275487656,74299
California,CA,6,2018,39148760,155779,251.30961169348885,1823692
Colorado,CO,8,2018,5531141,103642,53.367756315007426,488288
Connecticut,CT,9,2018,3581504,4842,739.6745146633623,9291
Delaware,DE,10,2018,949495,1949,487.17034376603385,49364
Florida,FL,12,2018,20598139,53625,384.1144801864802,1712987
Georgia,GA,13,2018,10297484,57513,179.04619825083026,582915
Hawaii,HI,15,2018,1422029,6423,221.39638798069439,59299
Idaho,ID,16,2018,1687809,82643,20.42289123095725,120006
Illinois,IL,17,2018,12821497,55519,230.93890379869956,-2363
Indiana,IN,18,2018,6637426,35826,185.26840841846703,151896
Iowa,IA,19,2018,3132499,55857,56.08068818590329,84853
Kansas,KS,20,2018,2908776,81759,35.577441015668,57593
Kentucky,KY,21,2018,4440204,39486,112.45008357392494,100037
Louisiana,LA,22,2018,4663616,43204,107.94407925192112,134011
Maine,ME,23,2018,1332813,30843,43.21281976461434,3729
Maryland,MD,24,2018,6003435,9707,618.4645101473163,217939
Massachusetts,MA,25,2018,6830193,7800,875.6657692307692,269598
Michigan,MI,26,2018,9957488,56539,176.11715806788234,60224
Minnesota,MN,27,2018,5527358,79627,69.41562535320934,214277
Mississippi,MS,28,2018,2988762,46923,63.69503228693817,21142
Missouri,MO,29,2018,6090062,68742,88.59302900701172,107649
Montana,MT,30,2018,1041732,145546,7.157407280172592,50947
Nebraska,NE,31,2018,1904760,76824,24.79381443298969,77454
Nevada,NV,32,2018,2922849,109781,26.624361228263542,218645
New Hampshire,NH,33,2018,1343622,8953,150.07505863956214,26148
New Jersey,NJ,34,2018,8881845,7354,1207.7570029915692,87957
New Mexico,NM,35,2018,2092434,121298,17.25035862091708,37147
New York,NY,36,2018,19618453,47126,416.29786105334637,220328
North Carolina,NC,37,2018,10155624,48618,208.8860915710231,611375
North Dakota,ND,38,2018,752201,69001,10.901305778177127,75948
Ohio,OH,39,2018,11641879,40861,284.91419691148036,108318
Oklahoma,OK,40,2018,3918137,68595,57.11986296377287,169132
Oregon,OR,41,2018,4081943,95988,42.52555527774305,245315
Pennsylvania,PA,42,2018,12791181,44743,285.8811657689471,91592
Rhode Island,RI,44,2018,1056611,1034,1021.8675048355899,4140
South Carolina,SC,45,2018,4955925,30061,164.86228003060444,325574
South Dakota,SD,46,2018,864289,75811,11.400575114429305,48418
Tennessee,TN,47,2018,6651089,41235,161.29717473020492,297863
Texas,TX,48,2018,27885195,261232,106.74494319225822,2676298
Utah,UT,49,2018,3045350,82170,37.061579651941095,279117
Vermont,VT,50,2018,624977,9217,67.80698708907454,-521
Virginia,VA,51,2018,8413774,39490,213.06087617118257,398819
Washington,WA,53,2018,7294336,66456,109.76188756470447,555622
West Virginia,WV,54,2018,1829054,24038,76.09010733006073,-21427
Wisconsin,WI,55,2018,5778394,54158,106.69511429521032,91175
Wyoming,WY,56,2018,581836,97093,5.992563830554211,19033
Alabama,AL,1,2017,4850771,50645,95.77985980847073,73445
Alaska,AK,2,2017,738565,570641,1.2942725811850182,27426
Arizona,AZ,4,2017,6809946,113594,59.94987411306935,398967
Arkansas,AR,5,2017,2977944,52035,57.229633900259444,61572
California,CA,6,2017,38982847,155779,250.244557995622,1657779
Colorado,CO,8,2017,5436519,103642,52.45478666949692,393666
Connecticut,CT,9,2017,3594478,4842,742.3539859562164,22265
Delaware,DE,10,2017,943732,1949,484.21344279117494,43601
Florida,FL,12,2017,20278447,53625,378.1528578088578,1393295
Georgia,GA,13,2017,10201635,57513,177.37963590840332,487066
Hawaii,HI,15,2017,1421658,6423,221.3386268099019,58928
Idaho,ID,16,2017,1657375,82643,20.054632576261753,89572
Illinois,IL,17,2017,12854526,55519,231.53381725175166,30666
Indiana,IN,18,2017,6614418,35826,184.6261932674594,128888
Iowa,IA,19,2017,3118102,55857,55.822940723633565,70456
Kansas,KS,20,2017,2903820,81759,35.51682383590797,52637
Kentucky,KY,21,2017,4424376,39486,112.0492326394165,84209
Louisiana,LA,22,2017,4663461,43204,107.9404916211462,133856
Maine,ME,23,2017,1330158,30843,43.12673864410077,1074
Maryland,MD,24,2017,5996079,9707,617.7067065004636,210583
Massachusetts,MA,25,2017,6789319,7800,870.4255128205128,228724
Michigan,MI,26,2017,9925568,56539,175.55259201613046,28304
Minnesota,MN,27,2017,5490726,79627,68.9555803935851,177645
Mississippi,MS,28,2017,2986220,46923,63.640858427636765,18600
Missouri,MO,29,2017,6075300,68742,88.37828401850398,92887
Montana,MT,30,2017,1029862,145546,7.075852307861432,39077
Nebraska,NE,31,2017,1893921,76824,24.6527257107154,66615
Nevada,NV,32,2017,2887725,109781,26.304415153806215,183521
New Hampshire,NH,33,2017,1331848,8953,148.75996872556684,14374
New Jersey,NJ,34,2017,8960161,7354,1218.406445471852,166273
New Mexico,NM,35,2017,2084828,121298,17.187653547461622,29541
New York,NY,36,2017,19798228,47126,420.11263421465856,400103
North Carolina,NC,37,2017,10052564,48618,206.76630054712246,508315
North Dakota,ND,38,2017,745475,69001,10.803828930015507,69222
Ohio,OH,39,2017,11609756,40861,284.12804385599964,76195
Oklahoma,OK,40,2017,3896251,68595,56.800801807711935,147246
Oregon,OR,41,2017,4025127,95988,41.9336479559945,188499
Pennsylvania,PA,42,2017,12790505,44743,285.86605726035356,90916
Rhode Island,RI,44,2017,1056138,1034,1021.4100580270793,3667
South Carolina,SC,45,2017,4893444,30061,162.78380626060343,263093
South Dakota,SD,46,2017,855444,75811,11.283903391328435,39573
Tennessee,TN,47,2017,6597381,41235,159.9946889778101,244155
Texas,TX,48,2017,27419612,261232,104.96268451032033,2210715
Utah,UT,49,2017,2993941,82170,36.43593769015456,227708
Vermont,VT,50,2017,624636,9217,67.76999023543452,-862
Virginia,VA,51,2017,8365952,39490,211.84988604710054,350997
Washington,WA,53,2017,7169967,66456,107.89043878656555,431253
West Virginia,WV,54,2017,1836843,24038,76.41413595141027,-13638
Wisconsin,WI,55,2017,5763217,54158,106.41487868828243,75998
Wyoming,WY,56,2017,583200,97093,6.006612217152627,20397
Alabama,AL,1,2016,4841164,50645,95.59016684766512,63838
Alaska,AK,2,2016,736855,570641,1.2912759510795755,25716
Arizona,AZ,4,2016,6728577,113594,59.23355987111995,317598
Arkansas,AR,5,2016,2968472,52035,57.04760257518978,52100
California,CA,6,2016,38654206,155779,248.13489623119932,1329138
Colorado,CO,8,2016,5359295,103642,51.70968333301171,316442
Connecticut,CT,9,2016,3588570,4842,741.1338289962825,16357
Delaware,DE,10,2016,934695,1949,479.5767060030785,34564
Florida,FL,12,2016,19934451,53625,371.738013986014,1049299
Georgia,GA,13,2016,10099320,57513,175.60064681028638,384751
Hawaii,HI,15,2016,1413673,6423,220.09543826872178,50943
Idaho,ID,16,2016,1635483,82643,19.789734157762908,67680
Illinois,IL,17,2016,12851684,55519,231.48262756894036,27824
Indiana,IN,18,2016,6589578,35826,183.93284207000502,104048
Iowa,IA,19,2016,3106589,55857,55.616825106969586,58943
Kansas,KS,20,2016,2898292,81759,35.44921048447266,47109
Kentucky,KY,21,2016,4411989,39486,111.73552651572709,71822
Louisiana,LA,22,2016,4645670,43204,107.52870104619943,116065
Maine,ME,23,2016,1329923,30843,43.11911941121162,839
Maryland,MD,24,2016,5959902,9707,613.9798083857011,174406
Massachusetts,MA,25,2016,6742143,7800,864.3773076923077,181548
Michigan,MI,26,2016,9909600,56539,175.27016749500345,12336
Minnesota,MN,27,2016,5450868,79627,68.45502153792056,137787
Mississippi,MS,28,2016,2989192,46923,63.704196236387276,21572
Missouri,MO,29,2016,6059651,68742,88.1506357103372,77238
Montana,MT,30,2016,1023391,145546,7.031392137193739,32606
Nebraska,NE,31,2016,1881259,76824,24.487907424763094,53953
Nevada,NV,32,2016,2839172,109781,25.862143722502072,134968
New Hampshire,NH,33,2016,1327503,8953,148.27465653970737,10029
New Jersey,NJ,34,2016,8915456,7354,1212.3274408485179,121568
New Mexico,NM,35,2016,2082669,121298,17.169854408151824,27382
New York,NY,36,2016,19697457,47126,417.9743029325638,299332
North Carolina,NC,37,2016,9940828,48618,204.4680570981941,396579
North Dakota,ND,38,2016,736162,69001,10.668859871596064,59909
Ohio,OH,39,2016,11586941,40861,283.56968747705633,53380
Oklahoma,OK,40,2016,3875589,68595,56.499584517822,126584
Oregon,OR,41,2016,3982267,95988,41.48713380839271,145639
Pennsylvania,PA,42,2016,12783977,44743,285.7201573430481,84388
Rhode Island,RI,44,2016,1054491,1034,1019.8172147001934,2020
South Carolina,SC,45,2016,4834605,30061,160.82648614483884,204254
South Dakota,SD,46,2016,851058,75811,11.226048990252075,35187
Tennessee,TN,47,2016,6548009,41235,158.7973566145265,194783
Texas,TX,48,2016,26956435,261232,103.18963603233907,1747538
Utah,UT,49,2016,2948427,82170,35.882037239868566,182194
Vermont,VT,50,2016,626249,9217,67.94499294781382,751
Virginia,VA,51,2016,8310301,39490,210.44064320081034,295346
Washington,WA,53,2016,7073146,66456,106.43351992295655,334432
West Virginia,WV,54,2016,1846092,24038,76.79890173891339,-4389
Wisconsin,WI,55,2016,5754798,54158,106.25942612356438,67579
Wyoming,WY,56,2016,583029,97093,6.004851019125993,20226
Alabama,AL,1,2015,4830620,50645,95.38197255405272,53294
Alaska,AK,2,2015,733375,570641,1.2851775459527093,22236
Arizona,AZ,4,2015,6641928,113594,58.470764300931386,230949
Arkansas,AR,5,2015,2958208,52035,56.85035072547324,41836
California,CA,6,2015,38421464,155779,246.64084375942844,1096396
Colorado,CO,8,2015,5278906,103642,50.93404218367071,236053
Connecticut,CT,9,2015,3593222,4842,742.0945890128046,21009
Delaware,DE,10,2015,926454,1949,475.34838378655724,26323
Florida,FL,12,2015,19645772,53625,366.3547226107226,760620
Georgia,GA,13,2015,10006693,57513,173.99010658459827,292124
Hawaii,HI,15,2015,1406299,6423,218.94737661528882,43569
Idaho,ID,16,2015,1616547,82643,19.560604043899666,48744
Illinois,IL,17,2015,12873761,55519,231.88027522109547,49901
Indiana,IN,18,2015,6568645,35826,183.34854574889744,83115
Iowa,IA,19,2015,3093526,55857,55.38296005872138,45880
Kansas,KS,20,2015,2892987,81759,35.384324661505154,41804
Kentucky,KY,21,2015,4397353,39486,111.3648634959226,57186
Louisiana,LA,22,2015,4625253,43204,107.05612906212387,95648
Maine,ME,23,2015,1329100,30843,43.092435884965795,16
Maryland,MD,24,2015,5930538,9707,610.954774904708,145042
Massachusetts,MA,25,2015,6705586,7800,859.6905128205128,144991
Michigan,MI,26,2015,9900571,56539,175.1104724172695,3307
Minnesota,MN,27,2015,5419171,79627,68.05695304356563,106090
Mississippi,MS,28,2015,2988081,46923,63.680519148392044,20461
Missouri,MO,29,2015,6045448,68742,87.94402257717262,63035
Montana,MT,30,2015,1014699,145546,6.971672186112982,23914
Nebraska,NE,31,2015,1869365,76824,24.333086014787046,42059
Nevada,NV,32,2015,2798636,109781,25.492899499913463,94432
New Hampshire,NH,33,2015,1324201,8953,147.90584161733497,6727
New Jersey,NJ,34,2015,8904413,7354,1210.825809083492,110525
New Mexico,NM,35,2015,2084117,121298,17.181791950403138,28830
New York,NY,36,2015,19673174,47126,417.45902474218053,275049
North Carolina,NC,37,2015,9845333,48618,202.5038668805792,301084
North Dakota,ND,38,2015,721640,69001,10.458399153635455,45387
Ohio,OH,39,2015,11575977,40861,283.30136315802355,42416
Oklahoma,OK,40,2015,3849733,68595,56.12264742328158,100728
Oregon,OR,41,2015,3939233,95988,41.03880693420011,102605
Pennsylvania,PA,42,2015,12779559,44743,285.6214156404354,79970
Rhode Island,RI,44,2015,1053661,1034,1019.014506769826,1190
South Carolina,SC,45,2015,4777576,30061,158.92937693356842,147225
South Dakota,SD,46,2015,843190,75811,11.122264579018877,27319
Tennessee,TN,47,2015,6499615,41235,157.6237419667758,146389
Texas,TX,48,2015,26538614,261232,101.59021100018374,1329717
Utah,UT,49,2015,2903379,82170,35.333807959109166,137146
Vermont,VT,50,2015,626604,9217,67.98350873386134,1106
Virginia,VA,51,2015,8256630,39490,209.08153963028616,241675
Washington,WA,53,2015,6985464,66456,105.11412062116287,246750
West Virginia,WV,54,2015,1851420,24038,77.02055079457526,939
Wisconsin,WI,55,2015,5742117,54158,106.02527789061635,54898
Wyoming,WY,56,2015,579679,97093,5.970348016849824,16876
Alabama,AL,1,2014,4817678,50645,95.12642906506072,40352
Alaska,AK,2,2014,728300,570641,1.2762840384760297,17161
Arizona,AZ,4,2014,6561516,113594,57.76287479972534,150537
Arkansas,AR,5,2014,2947036,52035,56.63564908234842,30664
California,CA,6,2014,38066920,155779,244.36490155926023,741852
Colorado,CO,8,2014,5197580,103642,50.14936029794871,154727
Connecticut,CT,9,2014,3592053,4842,741.8531598513011,19840
Delaware,DE,10,2014,917060,1949,470.52847614161107,16929
Florida,FL,12,2014,19361792,53625,361.05905827505825,476640
Georgia,GA,13,2014,9907756,57513,172.2698520334533,193187
Hawaii,HI,15,2014,1392704,6423,216.8307644402927,29974
Idaho,ID,16,2014,1599464,82643,19.353895671744734,31661
Illinois,IL,17,2014,12868747,55519,231.7899637961779,44887
Indiana,IN,18,2014,6542411,35826,182.61628426282587,56881
Iowa,IA,19,2014,3078116,55857,55.10707700019693,30470
Kansas,KS,20,2014,2882946,81759,35.261512494037355,31763
Kentucky,KY,21,2014,4383272,39486,111.00825609076635,43105
Louisiana,LA,22,2014,4601049,43204,106.49590315711508,71444
Maine,ME,23,2014,1328535,30843,43.074117303764226,-549
Maryland,MD,24,2014,5887776,9707,606.5495003605646,102280
Massachusetts,MA,25,2014,6657291,7800,853.4988461538461,96696
Michigan,MI,26,2014,9889024,56539,174.90624170926264,-8240
Minnesota,MN,27,2014,5383661,79627,67.61099878182024,70580
Mississippi,MS,28,2014,2984345,46923,63.600899345736636,16725
Missouri,MO,29,2014,6028076,68742,87.69130953420034,45663
Montana,MT,30,2014,1006370,145546,6.914446291893972,15585
Nebraska,NE,31,2014,1855617,76824,24.154131521399563,28311
Nevada,NV,32,2014,2761584,109781,25.155391187910475,57380
New Hampshire,NH,33,2014,1321069,8953,147.55601474366134,3595
New Jersey,NJ,34,2014,8874374,7354,1206.7410932825674,80486
New Mexico,NM,35,2014,2080085,121298,17.148551501261355,24798
New York,NY,36,2014,19594330,47126,415.7859780163816,196205
North Carolina,NC,37,2014,9750405,48618,200.5513390102431,206156
North Dakota,ND,38,2014,704925,69001,10.216156287590035,28672
Ohio,OH,39,2014,11560380,40861,282.9196544382174,26819
Oklahoma,OK,40,2014,3818851,68595,55.67243968219258,69846
Oregon,OR,41,2014,3900343,95988,40.63365212318207,63715
Pennsylvania,PA,42,2014,12758729,44743,285.15586795699886,59140
Rhode Island,RI,44,2014,1053252,1034,1018.6189555125725,781
South Carolina,SC,45,2014,4727273,30061,157.25601277402615,96922
South Dakota,SD,46,2014,834708,75811,11.010381079262904,18837
Tennessee,TN,47,2014,6451365,41235,156.45361949799928,98139
Texas,TX,48,2014,26092033,261232,99.88069225822258,883136
Utah,UT,49,2014,2858111,82170,34.78290130217841,91878
Vermont,VT,50,2014,626358,9217,67.956818921558,860
Virginia,VA,51,2014,8185131,39490,207.27097999493543,170176
Washington,WA,53,2014,6899123,66456,103.81490008426628,160409
West Virginia,WV,54,2014,1853881,24038,77.12293036026291,3400
Wisconsin,WI,55,2014,5724692,54158,105.70353410391816,37473
Wyoming,WY,56,2014,575251,97093,5.924742257423295,12448
Alabama,AL,1,2013,4799277,50645,94.76309606081549,21951
Alaska,AK,2,2013,720316,570641,1.2622927549895644,9177
Arizona,AZ,4,2013,6479703,113594,57.042651900628556,68724
Arkansas,AR,5,2013,2933369,52035,56.37299894301912,16997
California,CA,6,2013,37659181,155779,241.74748200977024,334113
Colorado,CO,8,2013,5119329,103642,49.394347851257216,76476
Connecticut,CT,9,2013,3583561,4842,740.0993391160678,11348
Delaware,DE,10,2013,908446,1949,466.108773730118,8315
Florida,FL,12,2013,19091156,53625,356.0122331002331,206004
Georgia,GA,13,2013,9810417,57513,170.57738250482498,95848
Hawaii,HI,15,2013,1376298,6423,214.27650630546475,13568
Idaho,ID,16,2013,1583364,82643,19.15908183391213,15561
Illinois,IL,17,2013,12848554,55519,231.42625047281112,24694
Indiana,IN,18,2013,6514861,35826,181.84728967788757,29331
Iowa,IA,19,2013,3062553,55857,54.82845480423224,14907
Kansas,KS,20,2013,2868107,81759,35.08001565576878,16924
Kentucky,KY,21,2013,4361333,39486,110.45264144253659,21166
Louisiana,LA,22,2013,4567968,43204,105.7302101657254,38363
Maine,ME,23,2013,1328320,30843,43.067146516227346,-764
Maryland,MD,24,2013,5834299,9707,601.0403832285979,48803
Massachusetts,MA,25,2013,6605058,7800,846.8023076923076,44463
Michigan,MI,26,2013,9886095,56539,174.85443676046623,-11169
Minnesota,MN,27,2013,5347740,79627,67.15988295427431,34659
Mississippi,MS,28,2013,2976872,46923,63.44163842891546,9252
Missouri,MO,29,2013,6007182,68742,87.38736143842192,24769
Montana,MT,30,2013,998554,145546,6.860745056545697,7769
Nebraska,NE,31,2013,1841625,76824,23.972000937207124,14319
Nevada,NV,32,2013,2730066,109781,24.868292327451925,25862
New Hampshire,NH,33,2013,1319171,8953,147.3440187646599,1697
New Jersey,NJ,34,2013,8832406,7354,1201.0342670655425,38518
New Mexico,NM,35,2013,2069706,121298,17.06298537486191,14419
New York,NY,36,2013,19487053,47126,413.50959130840727,88928
North Carolina,NC,37,2013,9651380,48618,198.51454193919946,107131
North Dakota,ND,38,2013,689781,69001,9.996681207518732,13528
Ohio,OH,39,2013,11549590,40861,282.65558845843225,16029
Oklahoma,OK,40,2013,3785742,68595,55.18976601793133,36737
Oregon,OR,41,2013,3868721,95988,40.30421511022211,32093
Pennsylvania,PA,42,2013,12731381,44743,284.5446438549047,31792
Rhode Island,RI,44,2013,1051695,1034,1017.1131528046421,-776
South Carolina,SC,45,2013,4679602,30061,155.67020391869863,49251
South Dakota,SD,46,2013,825198,75811,10.88493754204535,9327
Tennessee,TN,47,2013,6402387,41235,155.26584212440886,49161
Texas,TX,48,2013,25639373,261232,98.14790301341337,430476
Utah,UT,49,2013,2813673,82170,34.24209565534867,47440
Vermont,VT,50,2013,625904,9217,67.90756211348595,406
Virginia,VA,51,2013,8100653,39490,205.13175487465182,85698
Washington,WA,53,2013,6819579,66456,102.61795774647888,80865
West Virginia,WV,54,2013,1853619,24038,77.11203095099425,3138
Wisconsin,WI,55,2013,5706871,54158,105.37447837807895,19652
Wyoming,WY,56,2013,570134,97093,5.872040208871907,7331
